Keyword	Searchvolume	CPC	Jan	Feb	Mar	Apr	May	Jun	Jul	Aug	Sep	Oct	Nov	Dec
drone	246000	$1.48 	201000	165000	201000	201000	165000	201000	246000	246000	201000	201000	301000	368000
drones cameras	110000	$1.67 	90500	74000	74000	90500	90500	90500	90500	90500	90500	90500	135000	165000
drones with cameras	110000	$1.67 	90500	74000	74000	90500	90500	90500	90500	90500	90500	90500	135000	165000
drone for cameras	90500	$1.60 	90500	60500	74000	74000	74000	90500	90500	90500	74000	90500	135000	165000
cameras for drones	90500	$1.50 	90500	74000	74000	74000	90500	90500	90500	90500	90500	90500	135000	165000
cameras for drone	90500	$1.60 	90500	60500	74000	74000	74000	90500	90500	90500	74000	90500	135000	165000
drone cameras	90500	$1.60 	90500	60500	74000	74000	74000	90500	90500	90500	74000	90500	135000	165000
dji drones	90500	$1 	90500	74000	74000	74000	74000	74000	90500	90500	74000	90500	90500	110000
dji drone	90500	$1 	90500	74000	74000	74000	74000	74000	90500	90500	74000	90500	90500	110000
drone dji	90500	$1 	90500	74000	74000	74000	74000	74000	90500	90500	74000	90500	90500	110000
camera for a drone	90500	$1.60 	90500	60500	74000	74000	74000	90500	90500	90500	74000	90500	135000	165000
a drone with a camera	90500	$1.60 	90500	60500	74000	74000	74000	90500	90500	90500	74000	90500	135000	165000
drone camera	90500	$1.60 	90500	60500	74000	74000	74000	90500	90500	90500	74000	90500	135000	165000
drone for camera	90500	$1.60 	90500	60500	74000	74000	74000	90500	90500	90500	74000	90500	135000	165000
camera with drone	90500	$1.60 	90500	60500	74000	74000	74000	90500	90500	90500	74000	90500	135000	165000
camera drone	90500	$1.60 	90500	60500	74000	74000	74000	90500	90500	90500	74000	90500	135000	165000
djiglobal drone	90500	$1 	90500	74000	74000	74000	74000	74000	90500	90500	74000	90500	90500	110000
drone cam茅ra	90500	$1.60 	90500	60500	74000	74000	74000	90500	90500	90500	74000	90500	135000	165000
camera for drone	90500	$1.60 	90500	60500	74000	74000	74000	90500	90500	90500	74000	90500	135000	165000
drone with a camera	90500	$1.60 	90500	60500	74000	74000	74000	90500	90500	90500	74000	90500	135000	165000
camera drones	90500	$1.60 	90500	60500	74000	74000	74000	90500	90500	90500	74000	90500	135000	165000
camera for drones	90500	$1.60 	90500	60500	74000	74000	74000	90500	90500	90500	74000	90500	135000	165000
drones camera	90500	$1.60 	90500	60500	74000	74000	74000	90500	90500	90500	74000	90500	135000	165000
drones with a camera	90500	$1.60 	90500	60500	74000	74000	74000	90500	90500	90500	74000	90500	135000	165000
drone with camera	74000	$1.74 	74000	60500	60500	60500	60500	60500	74000	74000	60500	60500	110000	165000
drones with camera	74000	$1.42 	74000	60500	60500	60500	60500	60500	74000	74000	60500	60500	110000	165000
with camera drone	74000	$1.42 	74000	60500	60500	60500	60500	60500	74000	74000	60500	60500	110000	165000
camera drones with	74000	$1.42 	74000	60500	60500	60500	60500	60500	74000	74000	60500	60500	110000	165000
drone airplane with camera	74000	$1.42 	74000	60500	60500	60500	60500	60500	74000	74000	60500	60500	110000	165000
fpv drone	33100	$1.21 	33100	33100	33100	27100	27100	27100	33100	33100	33100	27100	33100	33100
drones for sale	27100	$2.09 	27100	22200	22200	22200	22200	27100	33100	27100	27100	27100	40500	60500
drone for sale	27100	$2.09 	27100	22200	22200	22200	22200	27100	33100	27100	27100	27100	40500	60500
drone sale	27100	$2.09 	27100	22200	22200	22200	22200	27100	33100	27100	27100	27100	40500	60500
drone sales	27100	$2.09 	27100	22200	22200	22200	22200	27100	33100	27100	27100	27100	40500	60500
drone on sale	27100	$2.09 	27100	22200	22200	22200	22200	27100	33100	27100	27100	27100	40500	60500
drone for sales	27100	$2.09 	27100	22200	22200	22200	22200	27100	33100	27100	27100	27100	40500	60500
best drones 2022	14800	$1.42 	6600	1900	12100	14800	14800	14800	18100	14800	12100	14800	22200	27100
the best drones	14800	$1.17 	14800	9900	12100	12100	12100	12100	14800	12100	9900	12100	18100	22200
best of drones	14800	$1.17 	14800	9900	12100	12100	12100	12100	14800	12100	9900	12100	18100	22200
drone deployment	14800	$4.02 	14800	12100	14800	14800	14800	14800	14800	14800	14800	14800	14800	12100
drone in military	14800	$1.66 	14800	14800	18100	12100	12100	12100	14800	18100	14800	14800	22200	22200
drone military	14800	$1.66 	14800	14800	18100	12100	12100	12100	14800	18100	14800	14800	22200	22200
military drone	14800	$1.66 	14800	14800	18100	12100	12100	12100	14800	18100	14800	14800	22200	22200
DroneDeploy	12100	$0.31 	12100	9900	12100	12100	12100	12100	12100	12100	12100	12100	12100	9900
best drone	12100	$1.37 	14800	9900	9900	9900	9900	12100	14800	12100	9900	12100	18100	22200
best drones	12100	$1.37 	14800	9900	9900	9900	9900	12100	14800	12100	9900	12100	18100	22200
drone races	12100	$0.91 	14800	12100	12100	12100	9900	9900	14800	14800	12100	12100	14800	18100
racer drone	12100	$0.91 	14800	12100	12100	12100	9900	9900	14800	14800	12100	12100	14800	18100
reaper drone	12100	$1.48 	6600	8100	74000	9900	8100	6600	5400	9900	5400	5400	5400	9900
holystone drone	12100	$0.80 	12100	8100	9900	9900	9900	12100	14800	12100	9900	9900	14800	22200
drone racers	12100	$0.91 	14800	12100	12100	12100	9900	9900	14800	14800	12100	12100	14800	18100
racing drone	12100	$0.91 	14800	12100	12100	12100	9900	9900	14800	14800	12100	12100	14800	18100
drone holy stone	12100	$0.80 	12100	8100	9900	9900	9900	12100	14800	12100	9900	9900	14800	22200
race drone	12100	$0.91 	14800	12100	12100	12100	9900	9900	14800	14800	12100	12100	14800	18100
the best drone	12100	$1.37 	14800	9900	9900	9900	9900	12100	14800	12100	9900	12100	18100	22200
reapers drone	12100	$1.48 	6600	8100	74000	9900	8100	6600	5400	9900	5400	5400	5400	9900
holy stone drone	12100	$0.80 	12100	8100	9900	9900	9900	12100	14800	12100	9900	9900	14800	22200
drone racing	12100	$0.91 	14800	12100	12100	12100	9900	9900	14800	14800	12100	12100	14800	18100
drone race	12100	$0.91 	14800	12100	12100	12100	9900	9900	14800	14800	12100	12100	14800	18100
drone for racing	12100	$0.91 	14800	12100	12100	12100	9900	9900	14800	14800	12100	12100	14800	18100
drone mobile phone	12100	$0.07 	18100	12100	12100	8100	8100	8100	8100	6600	8100	9900	22200	14800
ukraine drones	9900	$3.38 	3600	14800	33100	12100	9900	5400	3600	3600	3600	6600	4400	8100
best drones with camera	9900	$1.52 	9900	8100	9900	8100	9900	9900	9900	9900	8100	8100	12100	14800
amazon drones	9900	$1.03 	9900	8100	9900	9900	8100	12100	12100	9900	8100	9900	14800	18100
best drones cameras	9900	$1.52 	9900	8100	9900	8100	9900	9900	9900	9900	8100	8100	12100	14800
best camera drones	9900	$1.52 	9900	8100	9900	8100	9900	9900	9900	9900	8100	8100	12100	14800
the best camera drones	9900	$1.52 	9900	8100	9900	8100	9900	9900	9900	9900	8100	8100	12100	14800
drones with cameras best	9900	$1.52 	9900	8100	9900	8100	9900	9900	9900	9900	8100	8100	12100	14800
best drones for camera	9900	$1.52 	9900	8100	9900	8100	9900	9900	9900	9900	8100	8100	12100	14800
drones in best buy	9900	$0.95 	8100	6600	8100	8100	8100	9900	9900	8100	8100	8100	12100	22200
best drones camera	9900	$1.52 	9900	8100	9900	8100	9900	9900	9900	9900	8100	8100	12100	14800
best buy on drones	9900	$0.95 	8100	6600	8100	8100	8100	9900	9900	8100	8100	8100	12100	22200
the best drones with camera	9900	$1.52 	9900	8100	9900	8100	9900	9900	9900	9900	8100	8100	12100	14800
the best drones with cameras	9900	$1.52 	9900	8100	9900	8100	9900	9900	9900	9900	8100	8100	12100	14800
best buy for drones	9900	$0.95 	8100	6600	8100	8100	8100	9900	9900	8100	8100	8100	12100	22200
best buy drones	9900	$1.17 	8100	6600	6600	6600	6600	9900	9900	8100	8100	8100	12100	22200
best cameras drones	9900	$1.52 	9900	8100	9900	8100	9900	9900	9900	9900	8100	8100	12100	14800
best drones with cameras	9900	$1.52 	9900	8100	9900	8100	9900	9900	9900	9900	8100	8100	12100	14800
best camera for drones	9900	$1.52 	9900	8100	9900	8100	9900	9900	9900	9900	8100	8100	12100	14800
best cameras for drones	9900	$1.52 	9900	8100	9900	8100	9900	9900	9900	9900	8100	8100	12100	14800
drones with camera best	9900	$1.52 	9900	8100	9900	8100	9900	9900	9900	9900	8100	8100	12100	14800
drones camera best	9900	$1.52 	9900	8100	9900	8100	9900	9900	9900	9900	8100	8100	12100	14800
drones best camera	9900	$1.52 	9900	8100	9900	8100	9900	9900	9900	9900	8100	8100	12100	14800
drones from best buy	9900	$0.95 	8100	6600	8100	8100	8100	9900	9900	8100	8100	8100	12100	22200
drones at best buy	9900	$0.95 	8100	6600	8100	8100	8100	9900	9900	8100	8100	8100	12100	22200
drones best buy	9900	$0.95 	8100	6600	8100	8100	8100	9900	9900	8100	8100	8100	12100	22200
drone amazon	9900	$1.03 	9900	8100	8100	8100	6600	12100	12100	9900	8100	9900	14800	18100
mini drone	9900	$0.95 	9900	6600	6600	6600	6600	8100	9900	8100	8100	8100	14800	22200
best drone with camera	9900	$1.76 	9900	8100	8100	6600	6600	9900	9900	9900	8100	8100	12100	14800
walmart drones	9900	$0.77 	9900	6600	6600	6600	6600	8100	9900	9900	8100	8100	12100	22200
drone walmart	9900	$0.77 	9900	6600	6600	6600	6600	8100	9900	9900	8100	8100	12100	22200
drone with camera best	9900	$1.76 	9900	8100	8100	6600	6600	9900	9900	9900	8100	8100	12100	14800
drone with the best camera	9900	$1.76 	9900	8100	8100	6600	6600	9900	9900	9900	8100	8100	12100	14800
drone with best camera	9900	$1.76 	9900	8100	8100	6600	6600	9900	9900	9900	8100	8100	12100	14800
walmart drone	9900	$0.77 	9900	6600	6600	6600	6600	8100	9900	9900	8100	8100	12100	22200
drone predator	9900	$1.70 	9900	9900	18100	8100	8100	9900	8100	12100	9900	8100	8100	8100
drone best camera	9900	$1.76 	9900	8100	8100	6600	6600	9900	9900	9900	8100	8100	12100	14800
mobile drone	9900	$2.15 	12100	9900	9900	8100	8100	6600	6600	8100	9900	12100	14800	14800
drone at walmart	9900	$0.77 	9900	6600	6600	6600	6600	8100	9900	9900	8100	8100	12100	22200
best camera on a drone	9900	$1.76 	9900	8100	8100	6600	6600	9900	9900	9900	8100	8100	12100	14800
drone underwater	9900	$1.07 	12100	9900	8100	6600	6600	9900	12100	9900	8100	8100	8100	9900
drone at amazon	9900	$1.03 	9900	8100	8100	8100	6600	12100	12100	9900	8100	9900	14800	18100
drone from walmart	9900	$0.77 	9900	6600	6600	6600	6600	8100	9900	9900	8100	8100	12100	22200
best buy drone	9900	$1.17 	8100	6600	6600	6600	6600	9900	9900	8100	8100	8100	12100	22200
predator drone	9900	$1.70 	9900	9900	18100	8100	8100	9900	8100	12100	9900	8100	8100	8100
drone in walmart	9900	$0.77 	9900	6600	6600	6600	6600	8100	9900	9900	8100	8100	12100	22200
underwater drone	9900	$1.07 	12100	9900	8100	6600	6600	9900	12100	9900	8100	8100	8100	9900
drone in amazon	9900	$1.03 	9900	8100	8100	8100	6600	12100	12100	9900	8100	9900	14800	18100
drone in best buy	9900	$1.17 	8100	6600	6600	6600	6600	9900	9900	8100	8100	8100	12100	22200
drone mini	9900	$0.95 	9900	6600	6600	6600	6600	8100	9900	8100	8100	8100	14800	22200
the best camera drone	9900	$1.76 	9900	8100	8100	6600	6600	9900	9900	9900	8100	8100	12100	14800
best camera for drone	9900	$1.76 	9900	8100	8100	6600	6600	9900	9900	9900	8100	8100	12100	14800
drone camera best	9900	$1.76 	9900	8100	8100	6600	6600	9900	9900	9900	8100	8100	12100	14800
best drone for camera	9900	$1.76 	9900	8100	8100	6600	6600	9900	9900	9900	8100	8100	12100	14800
drone best buy	9900	$1.17 	8100	6600	6600	6600	6600	9900	9900	8100	8100	8100	12100	22200
best camera drone	9900	$1.76 	9900	8100	8100	6600	6600	9900	9900	9900	8100	8100	12100	14800
drone for amazon	9900	$1.03 	9900	8100	8100	8100	6600	12100	12100	9900	8100	9900	14800	18100
the best drone camera	9900	$1.76 	9900	8100	8100	6600	6600	9900	9900	9900	8100	8100	12100	14800
best drone with cameras	9900	$1.76 	9900	8100	8100	6600	6600	9900	9900	9900	8100	8100	12100	14800
best drone cameras	9900	$1.76 	9900	8100	8100	6600	6600	9900	9900	9900	8100	8100	12100	14800
exo drone	9900	$16.60 	9900	6600	5400	8100	8100	12100	9900	9900	8100	9900	9900	12100
best drone camera	9900	$1.76 	9900	8100	8100	6600	6600	9900	9900	9900	8100	8100	12100	14800
amazon drone	9900	$1.03 	9900	8100	8100	8100	6600	12100	12100	9900	8100	9900	14800	18100
drone on amazon	9900	$1.03 	9900	8100	8100	8100	6600	12100	12100	9900	8100	9900	14800	18100
the best drone with camera	9900	$1.76 	9900	8100	8100	6600	6600	9900	9900	9900	8100	8100	12100	14800
photography drone	8100	$3.42 	8100	6600	8100	8100	8100	8100	9900	9900	8100	8100	8100	8100
parrot drones	8100	$1.61 	8100	6600	8100	8100	8100	8100	8100	8100	8100	8100	8100	9900
drones parrot	8100	$1.61 	8100	6600	8100	8100	8100	8100	8100	8100	8100	8100	8100	9900
best drones for beginners	8100	$1.66 	6600	5400	5400	5400	5400	6600	6600	6600	5400	6600	12100	18100
best drone for beginners	8100	$1.66 	6600	5400	5400	5400	5400	6600	6600	6600	5400	6600	12100	18100
the best drones for beginners	8100	$1.58 	6600	5400	5400	5400	6600	6600	6600	6600	5400	6600	12100	18100
best drones for.beginners	8100	$1.58 	6600	5400	5400	5400	6600	6600	6600	6600	5400	6600	12100	18100
best beginners drones	8100	$1.58 	6600	5400	5400	5400	6600	6600	6600	6600	5400	6600	12100	18100
best beginner drones	8100	$1.58 	6600	5400	5400	5400	6600	6600	6600	6600	5400	6600	12100	18100
best drones beginners	8100	$1.58 	6600	5400	5400	5400	6600	6600	6600	6600	5400	6600	12100	18100
pyrodrone	8100	$10.01 	8100	6600	8100	8100	8100	6600	6600	6600	6600	6600	8100	8100
drone photographers	8100	$3.42 	8100	6600	8100	8100	8100	8100	9900	9900	8100	8100	8100	8100
quadair drone	8100	$2.69 	9900	1900	2900	6600	1600	5400	6600	8100	6600	5400	14800	22200
beehive drone	8100	$3 	5400	4400	12100	9900	9900	8100	8100	6600	6600	6600	4400	6600
best drone for beginner	8100	$1.66 	6600	5400	5400	5400	5400	6600	6600	6600	5400	6600	12100	18100
photographer drone	8100	$3.42 	8100	6600	8100	8100	8100	8100	9900	9900	8100	8100	8100	8100
the best beginner drone	8100	$1.66 	6600	5400	5400	5400	5400	6600	6600	6600	5400	6600	12100	18100
bees drone	8100	$3 	5400	4400	12100	9900	9900	8100	8100	6600	6600	6600	4400	6600
photography with a drone	8100	$3.42 	8100	6600	8100	8100	8100	8100	9900	9900	8100	8100	8100	8100
best drone beginner	8100	$1.66 	6600	5400	5400	5400	5400	6600	6600	6600	5400	6600	12100	18100
best beginners drone	8100	$1.66 	6600	5400	5400	5400	5400	6600	6600	6600	5400	6600	12100	18100
drone for photography	8100	$3.42 	8100	6600	8100	8100	8100	8100	9900	9900	8100	8100	8100	8100
best beginner drone	8100	$1.66 	6600	5400	5400	5400	5400	6600	6600	6600	5400	6600	12100	18100
bee drone	8100	$3 	5400	4400	12100	9900	9900	8100	8100	6600	6600	6600	4400	6600
drone zipline	8100	$8.58 	1900	1900	60500	12100	9900	1900	2400	1900	2400	2400	1900	1600
quad air drone	8100	$2.69 	9900	1900	2900	6600	1600	5400	6600	8100	6600	5400	14800	22200
faa drone zone	8100	$1.08 	8100	6600	8100	8100	8100	6600	8100	9900	8100	6600	6600	6600
drone of bees	8100	$3 	5400	4400	12100	9900	9900	8100	8100	6600	6600	6600	4400	6600
photography by drone	8100	$3.42 	8100	6600	8100	8100	8100	8100	9900	9900	8100	8100	8100	8100
the best drone for beginners	8100	$1.66 	6600	5400	5400	5400	5400	6600	6600	6600	5400	6600	12100	18100
drone bee	8100	$3 	5400	4400	12100	9900	9900	8100	8100	6600	6600	6600	4400	6600
drone bees	8100	$3 	5400	4400	12100	9900	9900	8100	8100	6600	6600	6600	4400	6600
best drone for a beginner	8100	$1.66 	6600	5400	5400	5400	5400	6600	6600	6600	5400	6600	12100	18100
photography with drone	8100	$3.42 	8100	6600	8100	8100	8100	8100	9900	9900	8100	8100	8100	8100
drone photography	8100	$3.42 	8100	6600	8100	8100	8100	8100	9900	9900	8100	8100	8100	8100
zipline drone	8100	$8.58 	1900	1900	60500	12100	9900	1900	2400	1900	2400	2400	1900	1600
drone photographer	8100	$3.42 	8100	6600	8100	8100	8100	8100	9900	9900	8100	8100	8100	8100
parrot drone	6600	$1.54 	8100	6600	6600	6600	6600	8100	8100	8100	6600	6600	8100	8100
drone by parrot	6600	$1.54 	8100	6600	6600	6600	6600	8100	8100	8100	6600	6600	8100	8100
amazon drone delivery	6600	$4.03 	6600	4400	4400	5400	4400	9900	8100	5400	4400	5400	5400	8100
drone shop	6600	$3.34 	5400	5400	8100	6600	8100	5400	6600	5400	5400	4400	5400	6600
fpv drone dji	6600	$0.71 	6600	4400	5400	5400	5400	6600	8100	8100	6600	5400	8100	8100
drone-shop	6600	$3.34 	5400	5400	8100	6600	8100	5400	6600	5400	5400	4400	5400	6600
drone sharper image	6600	$1 	8100	4400	4400	4400	4400	5400	5400	4400	4400	4400	8100	18100
drone flies	6600	$1.33 	4400	4400	4400	4400	4400	14800	5400	5400	6600	6600	5400	8100
us drone	6600	$1.66 	1600	2400	49500	2900	2400	1900	1900	6600	1900	2400	1900	1900
fly a drone	6600	$1.33 	4400	4400	4400	4400	4400	14800	5400	5400	6600	6600	5400	8100
u.s drone	6600	$1.66 	1600	2400	49500	2900	2400	1900	1900	6600	1900	2400	1900	1900
dji fpv drone	6600	$0.71 	6600	4400	5400	5400	5400	6600	8100	8100	6600	5400	8100	8100
flying a drone	6600	$1.33 	4400	4400	4400	4400	4400	14800	5400	5400	6600	6600	5400	8100
dji drone fpv	6600	$0.71 	6600	4400	5400	5400	5400	6600	8100	8100	6600	5400	8100	8100
drone pilot job	6600	$2.12 	8100	5400	6600	6600	6600	5400	6600	8100	8100	6600	5400	5400
drone show	6600	$3.70 	5400	4400	4400	4400	5400	6600	18100	4400	5400	6600	6600	6600
a flying drone	6600	$1.33 	4400	4400	4400	4400	4400	14800	5400	5400	6600	6600	5400	8100
fly drone	6600	$1.33 	4400	4400	4400	4400	4400	14800	5400	5400	6600	6600	5400	8100
drone sailing	6600	$2.31 	4400	3600	5400	4400	6600	2900	3600	8100	22200	5400	3600	3600
drone shops	6600	$3.34 	5400	5400	8100	6600	8100	5400	6600	5400	5400	4400	5400	6600
drone with thermal	6600	$1.40 	14800	8100	6600	5400	4400	2400	2900	3600	3600	4400	9900	14800
drone pilots jobs	6600	$2.12 	8100	5400	6600	6600	6600	5400	6600	8100	8100	6600	5400	5400
jobs for drone pilots	6600	$2.12 	8100	5400	6600	6600	6600	5400	6600	8100	8100	6600	5400	5400
drone flying	6600	$1.33 	4400	4400	4400	4400	4400	14800	5400	5400	6600	6600	5400	8100
thermal drone	6600	$1.40 	14800	8100	6600	5400	4400	2400	2900	3600	3600	4400	9900	14800
blackbird 4k drone	6600	$2.58 	8100	4400	5400	1300	1600	0	0	0	2400	8100	18100	33100
sharper image drone	6600	$1 	8100	4400	4400	4400	4400	5400	5400	4400	4400	4400	8100	18100
autel drone	6600	$1 	8100	6600	6600	6600	6600	5400	6600	6600	5400	5400	6600	6600
jobs as drone pilot	6600	$2.12 	8100	5400	6600	6600	6600	5400	6600	8100	8100	6600	5400	5400
job for drone pilot	6600	$2.12 	8100	5400	6600	6600	6600	5400	6600	8100	8100	6600	5400	5400
drone us	6600	$1.66 	1600	2400	49500	2900	2400	1900	1900	6600	1900	2400	1900	1900
drone shows	6600	$3.70 	5400	4400	4400	4400	5400	6600	18100	4400	5400	6600	6600	6600
switchblade drone	6600	$1.80 	5400	5400	4400	4400	3600	9900	9900	12100	6600	9900	4400	6600
jobs drone pilot	6600	$2.12 	8100	5400	6600	6600	6600	5400	6600	8100	8100	6600	5400	5400
u s drone	6600	$1.66 	1600	2400	49500	2900	2400	1900	1900	6600	1900	2400	1900	1900
drone pilot jobs	6600	$2.12 	8100	5400	6600	6600	6600	5400	6600	8100	8100	6600	5400	5400
job as drone pilot	6600	$2.12 	8100	5400	6600	6600	6600	5400	6600	8100	8100	6600	5400	5400
flyer drone	6600	$1.33 	4400	4400	4400	4400	4400	14800	5400	5400	6600	6600	5400	8100
sailing drone	6600	$2.31 	4400	3600	5400	4400	6600	2900	3600	8100	22200	5400	3600	3600
drone flyer	6600	$1.33 	4400	4400	4400	4400	4400	14800	5400	5400	6600	6600	5400	8100
flying drone	6600	$1.33 	4400	4400	4400	4400	4400	14800	5400	5400	6600	6600	5400	8100
ukraine drone	5400	$1.17 	3600	4400	5400	3600	8100	5400	3600	3600	3600	6600	4400	8100
fpv drone kit	5400	$1.37 	5400	4400	4400	4400	4400	5400	6600	6600	6600	5400	5400	6600
ukrainian drone	5400	$1.17 	3600	4400	5400	3600	8100	5400	3600	3600	3600	6600	4400	8100
drone license	5400	$2.28 	6600	5400	5400	5400	5400	5400	6600	6600	5400	5400	5400	5400
faa license for drone	5400	$2.12 	6600	5400	5400	5400	5400	5400	5400	5400	5400	4400	5400	5400
drone license faa	5400	$2.12 	6600	5400	5400	5400	5400	5400	5400	5400	5400	4400	5400	5400
delivery drone amazon	5400	$6.91 	6600	4400	5400	4400	3600	9900	8100	5400	4400	5400	5400	8100
drone for gopro	5400	$0.82 	6600	4400	4400	4400	4400	6600	6600	6600	5400	5400	5400	6600
go-pro drone	5400	$0.82 	6600	4400	4400	4400	4400	6600	6600	6600	5400	5400	5400	6600
drone costco	5400	$0.98 	5400	2900	2900	2900	3600	4400	4400	5400	5400	6600	9900	14800
faa registration drone	5400	$0.99 	6600	4400	5400	5400	5400	6600	8100	8100	6600	5400	5400	6600
drone delivery by amazon	5400	$6.91 	6600	4400	5400	4400	3600	9900	8100	5400	4400	5400	5400	8100
drone with gopro	5400	$0.82 	6600	4400	4400	4400	4400	6600	6600	6600	5400	5400	5400	6600
thermal camera on drone	5400	$1.56 	9900	6600	5400	4400	3600	2900	2900	3600	3600	4400	8100	12100
license for drone	5400	$2.28 	6600	5400	5400	5400	5400	5400	6600	6600	5400	5400	5400	5400
drone repairs near me	5400	$2.68 	5400	4400	4400	5400	6600	5400	5400	5400	4400	4400	3600	4400
drone kamikaze	5400	$2.02 	1600	1900	2400	1900	2400	1600	1300	1600	2400	49500	2900	2400
drone deliveries by amazon	5400	$6.91 	6600	4400	5400	4400	3600	9900	8100	5400	4400	5400	5400	8100
drone for deliveries	5400	$2.80 	6600	5400	8100	6600	5400	5400	5400	5400	5400	5400	5400	8100
drone thermal camera	5400	$1.56 	9900	6600	5400	4400	3600	2900	2900	3600	3600	4400	8100	12100
drone gopro	5400	$0.82 	6600	4400	4400	4400	4400	6600	6600	6600	5400	5400	5400	6600
drone s quadcopter	5400	$1.04 	5400	3600	3600	2900	2900	5400	6600	5400	5400	5400	5400	8100
drone faa license	5400	$2.12 	6600	5400	5400	5400	5400	5400	5400	5400	5400	4400	5400	5400
gopro on drone	5400	$0.82 	6600	4400	4400	4400	4400	6600	6600	6600	5400	5400	5400	6600
gopro with drone	5400	$0.82 	6600	4400	4400	4400	4400	6600	6600	6600	5400	5400	5400	6600
drone registration faa	5400	$0.99 	6600	4400	5400	5400	5400	6600	8100	8100	6600	5400	5400	6600
delivery drone	5400	$2.80 	6600	5400	8100	6600	5400	5400	5400	5400	5400	5400	5400	8100
faa license drone	5400	$2.12 	6600	5400	5400	5400	5400	5400	5400	5400	5400	4400	5400	5400
drone delivery walmart	5400	$5.17 	5400	3600	6600	2900	2400	3600	8100	5400	6600	3600	2400	8100
drone light show	5400	$2.91 	4400	2900	2900	3600	4400	5400	12100	3600	5400	6600	6600	6600
gopro on a drone	5400	$0.82 	6600	4400	4400	4400	4400	6600	6600	6600	5400	5400	5400	6600
drone delivery amazon	5400	$6.91 	6600	4400	5400	4400	3600	9900	8100	5400	4400	5400	5400	8100
drones for beginners	3600	$1.54 	3600	2400	2400	2400	2900	2900	2900	2400	2400	2900	5400	9900
drone with camera 4k	3600	$1.54 	3600	2400	2900	2900	2900	3600	4400	4400	3600	3600	4400	5400
delivery by drone	3600	$3.96 	5400	4400	4400	3600	2900	2400	2900	2900	2900	3600	3600	4400
delivering with drones	3600	$3.96 	5400	4400	4400	3600	2900	2400	2900	2900	2900	3600	3600	4400
drone shipping	3600	$3.96 	5400	4400	4400	3600	2900	2400	2900	2900	2900	3600	3600	4400
drones delivering	3600	$3.96 	5400	4400	4400	3600	2900	2400	2900	2900	2900	3600	3600	4400
agriculture drones	2900	$2.76 	3600	2900	3600	2900	2900	2900	2900	3600	3600	3600	2900	2400
drones for agriculture	2900	$2.76 	3600	2900	3600	2900	2900	2900	2900	3600	3600	3600	2900	2400
drones agriculture	2900	$2.76 	3600	2900	3600	2900	2900	2900	2900	3600	3600	3600	2900	2400
agriculture with drones	2900	$2.76 	3600	2900	3600	2900	2900	2900	2900	3600	3600	3600	2900	2400
drones in agriculture	2900	$2.76 	3600	2900	3600	2900	2900	2900	2900	3600	3600	3600	2900	2400
agriculture drone	2900	$2.76 	3600	2900	3600	2900	2900	2900	2900	3600	3600	3600	2900	2400
drone in agriculture	2900	$2.76 	3600	2900	3600	2900	2900	2900	2900	3600	3600	3600	2900	2400
drone agriculture	2900	$2.76 	3600	2900	3600	2900	2900	2900	2900	3600	3600	3600	2900	2400
drone for agriculture	2900	$2.76 	3600	2900	3600	2900	2900	2900	2900	3600	3600	3600	2900	2400
thermal camera drone	2900	$5 	2900	2400	3600	3600	1900	1900	1900	1900	2900	3600	4400	3600
drone waterproofing	2900	$0.80 	2400	1900	1900	1900	3600	3600	3600	3600	2900	2900	2400	2900
waterproofing drone	2900	$0.80 	2400	1900	1900	1900	3600	3600	3600	3600	2900	2900	2400	2900
best drone for the money	2900	$1.56 	2900	1900	2900	2400	2400	2400	3600	2900	2400	2900	4400	5400
best drone for photography	2900	$1.36 	2400	1900	2900	2400	2900	2900	3600	2900	2400	2900	3600	2900
best drones for the money	2900	$1.56 	2900	1900	2900	2400	2400	2400	3600	2900	2400	2900	4400	5400
best drones for money	2900	$1.56 	2900	1900	2900	2400	2400	2400	3600	2900	2400	2900	4400	5400
best drones for photography	2900	$1.36 	2400	1900	2900	2400	2900	2900	3600	2900	2400	2900	3600	2900
best drones photography	2900	$1.36 	2400	1900	2900	2400	2900	2900	3600	2900	2400	2900	3600	2900
best photography drones	2900	$1.36 	2400	1900	2900	2400	2900	2900	3600	2900	2400	2900	3600	2900
the best drones for the money	2900	$1.56 	2900	1900	2900	2400	2400	2400	3600	2900	2400	2900	4400	5400
best drones for photographers	2900	$1.36 	2400	1900	2900	2400	2900	2900	3600	2900	2400	2900	3600	2900
newbeedrone	2900	$2.39 	3600	2900	2900	2900	2900	2900	2900	2900	3600	2900	4400	3600
drone nerds	2900	$0.95 	3600	2900	3600	2900	2900	3600	2900	3600	2900	2900	2900	2900
drone store near me	2900	$2.84 	3600	2900	2900	2900	2900	2900	3600	2900	2900	2400	2900	4400
drone with camera for adults	2900	$1.65 	2900	1900	1900	1900	1900	2400	2400	2400	2400	2400	4400	6600
mini drone with camera	2900	$1.26 	3600	2900	2900	2400	2400	2400	2400	2900	1900	2400	3600	6600
x 31 shockwave drone	2400	$1.97 	2900	1000	720	590	0	0	0	0	0	390	14800	9900
real estate photography with drones	2400	$4.50 	2400	1900	2400	1900	2400	2400	2900	2400	2400	2400	2400	1900
drones for real estate photography	2400	$4.50 	2400	1900	2400	1900	2400	2400	2900	2400	2400	2400	2400	1900
drone photography real estate	2400	$4.50 	2400	1900	2400	1900	2400	2400	2900	2400	2400	2400	2400	1900
drone for real estate photography	2400	$4.50 	2400	1900	2400	1900	2400	2400	2900	2400	2400	2400	2400	1900
real estate drone photography	2400	$4.50 	2400	1900	2400	1900	2400	2400	2900	2400	2400	2400	2400	1900
drone photography for real estate	2400	$4.50 	2400	1900	2400	1900	2400	2400	2900	2400	2400	2400	2400	1900
drone real estate photography	2400	$4.50 	2400	1900	2400	1900	2400	2400	2900	2400	2400	2400	2400	1900
real estate photography drone	2400	$4.50 	2400	1900	2400	1900	2400	2400	2900	2400	2400	2400	2400	1900
drone photography in real estate	2400	$4.50 	2400	1900	2400	1900	2400	2400	2900	2400	2400	2400	2400	1900
commercial drones	2400	$2.50 	1900	1900	2400	2400	2400	1900	2400	2400	2400	1900	1900	2400
drones amazon with camera	2400	$1.38 	2400	1300	1900	1900	1900	1900	2400	2400	1900	1900	2900	3600
buy camera for drone	2400	$1.94 	2900	1900	1900	1900	1900	1900	2400	2400	2400	1900	4400	5400
buy drones with camera	2400	$1.94 	2900	1900	1900	1900	1900	1900	2400	2400	2400	1900	4400	5400
buy drone with camera	2400	$1.94 	2900	1900	1900	1900	1900	1900	2400	2400	2400	1900	4400	5400
affordable camera drones	2400	$1.12 	1900	1600	1900	1900	1600	2400	2400	2400	2400	1900	2900	3600
affordable drone with camera	2400	$1.12 	1900	1600	1900	1900	1600	2400	2400	2400	2400	1900	2900	3600
best dji drones	1900	$0.90 	1900	1600	1600	1900	1900	1600	1900	1600	1600	1600	1900	1900
dji best drones	1900	$0.90 	1900	1600	1600	1900	1900	1600	1900	1600	1600	1600	1900	1900
dji drones best	1900	$0.90 	1900	1600	1600	1900	1900	1600	1900	1600	1600	1600	1900	1900
best fpv drones	1900	$0.87 	1900	1600	1600	1900	2400	1600	1900	1900	1900	1900	2400	2400
best drones for fpv	1900	$0.87 	1900	1600	1600	1900	2400	1600	1900	1900	1900	1900	2400	2400
best drones with fpv	1900	$0.87 	1900	1600	1600	1900	2400	1600	1900	1900	1900	1900	2400	2400
agriculture drone spraying	1900	$2.55 	2400	2400	2400	1300	1900	1600	2400	3600	2900	2400	1600	1300
agriculture drone sprayer	1900	$2.55 	2400	2400	2400	1300	1900	1600	2400	3600	2900	2400	1600	1300
best fpv drone	1900	$1.25 	1900	1600	1600	1600	2400	1600	1900	1900	1900	1900	2400	2400
fpv drone with goggles	1900	$1.12 	1900	1600	1300	1600	1300	1900	2400	1900	1900	1600	2400	2400
drone price	1900	$0.81 	1600	1600	1600	1600	1600	1900	2400	1900	1900	1900	2400	2400
drone with camera amazon	1900	$1.44 	2400	1300	1600	1600	1300	1900	2400	2400	1900	1900	2900	3600
drones for spraying crops	1900	$1.32 	1300	1000	1300	1600	1900	1900	5400	5400	2400	1600	1000	880
drones spraying crops	1900	$1.32 	1300	1000	1300	1600	1900	1900	5400	5400	2400	1600	1000	880
drone spraying crops	1900	$1.32 	1300	1000	1300	1600	1900	1900	5400	5400	2400	1600	1000	880
drone for spraying crops	1900	$1.32 	1300	1000	1300	1600	1900	1900	5400	5400	2400	1600	1000	880
spraying crops with drones	1900	$1.32 	1300	1000	1300	1600	1900	1900	5400	5400	2400	1600	1000	880
spying with drone	1600	$0.53 	1600	1900	1600	1600	1600	1600	1600	1600	1600	1600	1600	1900
spying drones	1600	$0.53 	1600	1900	1600	1600	1600	1600	1600	1600	1600	1600	1600	1900
drones for spying	1600	$0.53 	1600	1900	1600	1600	1600	1600	1600	1600	1600	1600	1600	1900
drone for spying	1600	$0.53 	1600	1900	1600	1600	1600	1600	1600	1600	1600	1600	1600	1900
spying with a drone	1600	$0.53 	1600	1900	1600	1600	1600	1600	1600	1600	1600	1600	1600	1900
drone spying	1600	$0.53 	1600	1900	1600	1600	1600	1600	1600	1600	1600	1600	1600	1900
drones spying	1600	$0.53 	1600	1900	1600	1600	1600	1600	1600	1600	1600	1600	1600	1900
spying drone	1600	$0.53 	1600	1900	1600	1600	1600	1600	1600	1600	1600	1600	1600	1900
best dji drone	1600	$1.23 	1900	1600	1900	1600	1600	1600	1900	1600	1600	1600	1900	1900
best cheap drones	1600	$1.04 	1600	1300	1600	1600	1900	1600	1900	1600	1300	1600	2400	2900
best drones for cheap	1600	$1.04 	1600	1300	1600	1600	1900	1600	1900	1600	1300	1600	2400	2900
cheap best drones	1600	$1.04 	1600	1300	1600	1600	1900	1600	1900	1600	1300	1600	2400	2900
best budget drones	1600	$0.90 	1600	1000	1300	1300	1300	1300	1600	1600	1000	1300	2400	2900
fpv racing drone	1600	$1.79 	1900	1300	1300	1300	1000	1300	1900	1900	1600	1600	1900	2400
drone pilot training	1600	$5.38 	1900	1600	1900	1600	1900	1600	1900	1900	1600	1600	1600	1600
uav drone pilot training	1600	$5.38 	1900	1600	1900	1600	1900	1600	1900	1900	1600	1600	1600	1600
what happens when you stop taking norethindrone	1300	$5.70 	1000	1300	1600	1300	1300	1300	1000	1300	880	1000	1000	1000
photogrammetry drone	1300	$3.57 	720	720	720	880	2400	1600	1600	1600	1300	1300	1300	1000
best drone with camera for beginners	1300	$1.92 	1300	720	880	880	880	1000	1300	1000	880	1000	2400	2900
best drones for beginners with camera	1300	$1.76 	1300	720	880	1000	1000	1000	1300	1000	880	1000	2400	2900
best buy drones with cameras	1300	$1.18 	1000	880	1300	1000	880	1000	1300	1300	720	720	1300	2900
drones with cameras best buy	1300	$1.18 	1000	880	1300	1000	880	1000	1300	1300	720	720	1300	2900
best camera drones for beginners	1300	$1.76 	1300	720	880	1000	1000	1000	1300	1000	880	1000	2400	2900
best beginner drones with camera	1300	$1.76 	1300	720	880	1000	1000	1000	1300	1000	880	1000	2400	2900
best beginner camera drones	1300	$1.76 	1300	720	880	1000	1000	1000	1300	1000	880	1000	2400	2900
drones with cameras at best buy	1300	$1.18 	1000	880	1300	1000	880	1000	1300	1300	720	720	1300	2900
drones with camera best buy	1000	$0.76 	1300	880	1000	880	720	1000	1000	880	590	480	1600	2900
best buy drones with camera	1000	$0.93 	1300	880	1000	880	720	1000	1000	880	590	480	880	2900
camera drones at best buy	1000	$0.93 	1300	880	1000	880	720	1000	1000	880	590	480	880	2900
camera drones best buy	1000	$0.76 	1300	880	1000	880	720	1000	1000	880	590	480	1600	2900
best drones for under 500	1000	$1.23 	880	590	880	880	880	880	1000	1000	880	880	1300	1600
best mini drones	1000	$0.93 	1000	720	1000	1000	1000	880	1000	880	720	720	1300	1900
best drones under 100	1000	$1.16 	880	590	720	720	880	720	880	880	590	720	1600	2900
best drones under 500	1000	$1.23 	880	590	880	880	880	880	1000	1000	880	880	1300	1600
best drones for under 拢500	1000	$1.23 	880	590	880	880	880	880	1000	1000	880	880	1300	1600
mini drones best	1000	$0.93 	1000	720	1000	1000	1000	880	1000	880	720	720	1300	1900
best drones under 100.00	1000	$1.16 	880	590	720	720	880	720	880	880	590	720	1600	2900
drone with camera for beginners	1000	$1.70 	880	720	720	720	720	880	880	880	720	880	1900	2900
best mini drone	1000	$1.07 	1000	720	880	720	720	880	1000	880	720	720	1300	1900
camera drone best buy	1000	$0.93 	1300	880	1000	880	720	1000	1000	880	590	480	880	2900
drone camera best buy	1000	$0.76 	1300	880	1000	880	720	1000	1000	880	590	480	1600	2900
drone with camera best buy	1000	$0.76 	1300	880	1000	880	720	1000	1000	880	590	480	1600	2900
best buy camera drones	1000	$0.93 	1300	880	1000	880	720	1000	1000	880	590	480	880	2900
best buy drone with camera	1000	$0.76 	1300	880	1000	880	720	1000	1000	880	590	480	1600	2900
drones best buy with camera	1000	$0.76 	1300	880	1000	880	720	1000	1000	880	590	480	1600	2900
drone with camera at best buy	1000	$0.93 	1300	880	1000	880	720	1000	1000	880	590	480	880	2900
best buy drone camera	1000	$0.93 	1300	880	1000	880	720	1000	1000	880	590	480	880	2900
farming drones	880	$6 	880	880	880	880	880	720	880	880	880	880	1000	880
farming with drones	880	$5.56 	880	880	1000	880	880	720	880	880	880	880	1000	880
drones in farming	880	$5.56 	880	880	1000	880	880	720	880	880	880	880	1000	880
drones for farming	880	$6 	880	880	880	880	880	720	880	880	880	880	1000	880
agriculture spray drones	880	$3.40 	1000	880	1300	590	720	590	1000	1000	880	720	720	880
agriculture drones spraying	880	$3.40 	1000	880	1300	590	720	590	1000	1000	880	720	720	880
agriculture drones for spraying	880	$3.40 	1000	880	1300	590	720	590	1000	1000	880	720	720	880
drones for agriculture spraying	880	$3.40 	1000	880	1300	590	720	590	1000	1000	880	720	720	880
parrot mini drone	880	$0.56 	1000	880	880	880	1000	1000	1000	880	880	880	880	1300
drone for home security	880	$3.24 	1000	720	880	880	880	720	880	880	720	880	880	1000
security drones for home	880	$3.24 	1000	720	880	880	880	720	880	880	720	880	880	1000
drones for home security	880	$3.24 	1000	720	880	880	880	720	880	880	720	880	880	1000
security drone for home	880	$3.24 	1000	720	880	880	880	720	880	880	720	880	880	1000
best drone under $100	880	$1.42 	1000	390	590	590	480	590	720	720	590	590	1300	2400
best drones for video	880	$1.33 	720	720	880	1000	1000	1000	1000	880	720	880	880	1000
best drones for videos	880	$1.33 	720	720	880	1000	1000	1000	1000	880	720	880	880	1000
best drones under $200	880	$1.45 	880	480	720	720	720	720	880	720	590	720	1300	1900
best drones video	880	$1.33 	720	720	880	1000	1000	1000	1000	880	720	880	880	1000
best drones with video	880	$1.33 	720	720	880	1000	1000	1000	1000	880	720	880	880	1000
best drones for under $200	880	$1.45 	880	480	720	720	720	720	880	720	590	720	1300	1900
best drones 2023	880	$1.43 	3600	6600	10	10	10	10	10	30	40	50	170	390
best video drones	880	$1.33 	720	720	880	1000	1000	1000	1000	880	720	880	880	1000
best drones affordable	880	$1.12 	880	590	720	720	720	880	880	880	720	880	1600	1900
best drones under 200	880	$1.11 	720	480	720	590	720	590	720	720	590	720	1300	1900
best drones for under $100	880	$1.42 	1000	390	590	590	480	590	720	720	590	590	1300	2400
best affordable drones	880	$1.12 	880	590	720	720	720	880	880	880	720	880	1600	1900
best drones under $100	880	$1.42 	1000	390	590	590	480	590	720	720	590	590	1300	2400
drone shop near me	880	$4.17 	880	880	880	880	1000	880	880	880	720	880	880	1000
drones food delivery	880	$5.99 	1300	1000	1300	1000	880	720	880	720	880	720	1000	880
how to register drone	720	$1.62 	590	480	590	1000	880	720	720	590	590	480	480	720
how to register a drone	720	$1.62 	590	480	590	1000	880	720	720	590	590	480	480	720
professional drone camera	720	$2.43 	880	590	720	590	720	720	720	880	720	720	720	1000
best drone with camera for adults	720	$1.98 	880	720	590	480	590	390	480	480	480	590	880	1600
best buy drones dji	720	$0.70 	590	590	590	590	720	720	720	720	720	720	880	1000
dji drones best buy	720	$0.70 	590	590	590	590	720	720	720	720	720	720	880	1000
best buy dji drones	720	$0.70 	590	590	590	590	720	720	720	720	720	720	880	1000
professional drone with camera	720	$2.43 	880	590	720	590	720	720	720	880	720	720	720	1000
best drones in market	720	$1.38 	720	480	880	720	880	720	880	720	720	720	880	1000
best drones for videography	720	$1.40 	880	590	590	590	720	590	720	720	590	590	720	720
best drones to buy	720	$1.38 	720	590	720	720	720	720	1000	880	590	590	880	1000
best drones for starters	720	$1.34 	590	480	720	590	720	720	880	720	480	590	1000	1300
the best drones on the market	720	$1.38 	720	480	880	720	880	720	880	720	720	720	880	1000
best drones on the market	720	$1.38 	720	480	880	720	880	720	880	720	720	720	880	1000
best videography drones	720	$1.40 	880	590	590	590	720	590	720	720	590	590	720	720
best drones 2022 with camera	720	$1.41 	390	70	90	170	320	480	720	720	590	720	1600	1900
best drones on market	720	$1.38 	720	480	880	720	880	720	880	720	720	720	880	1000
fpv drone for beginners	720	$3.64 	720	590	590	590	480	720	720	720	720	480	880	880
drone repairing shop near me	720	$2.73 	880	720	880	880	720	720	590	390	390	320	590	720
drone pilot training near me	720	$3.14 	880	880	720	720	720	720	880	880	720	590	590	720
affordable good drones	720	$1.94 	880	590	720	590	590	590	720	720	590	590	1000	1600
3" drone	590	$0.63 	480	390	390	880	720	590	590	590	480	480	590	480
does norethindrone cause weight gain	590	$4.65 	590	720	720	590	590	880	480	480	480	480	480	590
best drones on amazon	590	$1.14 	590	390	480	390	480	480	720	480	390	590	880	1300
best small drones	590	$1.20 	480	390	590	590	590	590	720	590	480	480	720	880
best fishing drones	590	$0.97 	390	390	480	590	720	720	880	720	480	480	480	480
best drones amazon	590	$1.14 	590	390	480	390	480	480	720	480	390	590	880	1300
best drones for fishing	590	$0.97 	390	390	480	590	720	720	880	720	480	480	480	480
best amazon drones	590	$1.14 	590	390	480	390	480	480	720	480	390	590	880	1300
best smallest drones	590	$1.20 	480	390	590	590	590	590	720	590	480	480	720	880
best professional drones	590	$2.05 	590	390	590	480	720	480	720	590	390	390	480	590
best drones for real estate	590	$1.88 	480	480	590	480	480	480	720	880	590	590	590	480
cheap fpv drone	590	$0.86 	590	480	480	480	590	480	480	720	720	480	590	720
drone repair shop near me	590	$2.48 	880	720	880	880	590	720	590	390	390	320	590	720
business ideas for drones	590	$1.88 	720	590	590	720	590	480	720	720	480	590	720	590
affordable drone	590	$1.88 	590	390	480	480	480	480	590	480	390	480	880	1000
affordable drones	590	$1.88 	590	390	480	480	480	480	590	480	390	480	880	1000
raptor 8k drone	590	$1.16 	50	390	2400	1000	480	210	170	260	720	390	390	390
drones delivery packages	590	$1.11 	720	590	590	720	590	480	590	480	590	720	720	720
package delivery by drone	590	$1.11 	720	590	590	720	590	480	590	480	590	720	720	720
drones to deliver packages	590	$1.11 	720	590	590	720	590	480	590	480	590	720	720	720
drone package delivery	590	$1.11 	720	590	590	720	590	480	590	480	590	720	720	720
package delivery drone	590	$1.11 	720	590	590	720	590	480	590	480	590	720	720	720
drone for package delivery	590	$1.11 	720	590	590	720	590	480	590	480	590	720	720	720
drone parcel delivery	590	$1.11 	720	590	590	720	590	480	590	480	590	720	720	720
drone software	480	$4.07 	590	480	480	390	480	480	480	480	390	390	480	480
wedding photography drone	480	$3.53 	480	390	390	480	480	590	590	590	480	480	320	390
drone for wedding photography	480	$3.53 	480	390	390	480	480	590	590	590	480	480	320	390
drone wedding photography	480	$3.53 	480	390	390	480	480	590	590	590	480	480	320	390
wedding photography with drone	480	$3.53 	480	390	390	480	480	590	590	590	480	480	320	390
drones for wedding photography	480	$3.53 	480	390	390	480	480	590	590	590	480	480	320	390
wedding drone photography	480	$3.53 	480	390	390	480	480	590	590	590	480	480	320	390
wedding photography with drones	480	$3.53 	480	390	390	480	480	590	590	590	480	480	320	390
drone photography wedding	480	$3.53 	480	390	390	480	480	590	590	590	480	480	320	390
best professional drone	480	$1.65 	590	390	390	390	320	480	720	590	390	390	480	590
best drone for professional photography	480	$2.05 	720	590	720	590	590	170	320	590	320	320	720	590
best travel drones	480	$1.11 	480	390	390	480	480	480	590	390	390	390	480	480
best drones for indoors	480	$1.07 	590	390	390	390	320	320	390	320	320	390	880	1300
best drones for travel	480	$1.11 	480	390	390	480	480	480	590	390	390	390	480	480
best indoor drones	480	$1.07 	590	390	390	390	320	320	390	320	320	390	880	1300
best drones under 300	480	$1.22 	480	320	480	480	590	480	480	480	320	390	720	1000
cheap drones with best camera	480	$1.11 	320	210	480	390	390	480	480	390	320	390	590	720
best drones for filmmakers	480	$1.46 	390	390	480	390	390	480	480	480	390	480	480	590
best drones with camera cheap	480	$1.11 	320	210	480	390	390	480	480	390	320	390	590	720
best drones for filmmaking	480	$1.46 	390	390	480	390	390	480	480	480	390	480	480	590
what are the best drones	480	$1.14 	390	320	390	390	390	390	590	480	320	390	590	590
best 4k drones	480	$1.41 	480	390	480	480	480	480	480	480	320	390	590	720
best filmmaking drones	480	$1.46 	390	390	480	390	390	480	480	480	390	480	480	590
best fpv drones for beginners	480	$1 	480	390	390	480	590	480	590	590	480	480	590	590
what is the best drones	480	$1.14 	390	320	390	390	390	390	590	480	320	390	590	590
best cheap drones with camera	480	$1.11 	320	210	480	390	390	480	480	390	320	390	590	720
best drones for filming	480	$1.46 	390	390	480	390	390	480	480	480	390	480	480	590
best filming drones	480	$1.46 	390	390	480	390	390	480	480	480	390	480	480	590
best drones for traveling	480	$1.11 	480	390	390	480	480	480	590	390	390	390	480	480
best camera drones cheap	480	$1.11 	320	210	480	390	390	480	480	390	320	390	590	720
drone brushless motor	480	$0.50 	480	390	480	260	390	390	480	390	390	320	590	720
brushless motor drone	480	$0.50 	480	390	480	260	390	390	480	390	390	320	590	720
brushless motor drones	480	$0.50 	480	390	480	260	390	390	480	390	390	320	590	720
drone with brushless motor	480	$0.50 	480	390	480	260	390	390	480	390	390	320	590	720
promark vr drones	480	$0.20 	590	390	390	390	390	390	480	480	480	480	390	590
opendronemap	390	$1.56 	390	320	390	390	390	390	390	320	390	390	390	260
dji drones for agriculture	390	$3.24 	320	320	390	390	390	390	480	480	390	320	390	390
dji drones agriculture	390	$3.24 	320	320	390	390	390	390	480	480	390	320	390	390
drone real estate photography price	390	$4.37 	480	390	480	480	480	390	320	590	480	320	320	390
drone real estate photography prices	390	$4.37 	480	390	480	480	480	390	320	590	480	320	320	390
real estate drone photography pricing	390	$4.37 	480	390	480	480	480	390	320	590	480	320	320	390
drone real estate photography pricing	390	$4.37 	480	390	480	480	480	390	320	590	480	320	320	390
real estate drone photography prices	390	$4.37 	480	390	480	480	480	390	320	590	480	320	320	390
dji drone comparison chart	390	$0.73 	170	140	590	590	590	590	590	480	320	170	260	320
drones on sale at best buy	390	$1.19 	320	210	320	320	210	260	320	320	480	390	880	880
drones for sale at best buy	390	$1.19 	320	210	320	320	210	260	320	320	480	390	880	880
what is the best drones to buy	390	$1.36 	390	320	390	480	480	480	480	390	320	390	590	590
best buy drones on sale	390	$1.19 	320	210	320	320	210	260	320	320	480	390	880	880
best drones for professional photography	390	$2.66 	720	590	90	170	110	170	320	590	320	320	720	590
best buy drones for sale	390	$1.19 	320	210	320	320	210	260	320	320	480	390	880	880
best drones 2022 for beginners	390	$1.46 	140	30	70	110	70	110	320	480	480	590	1000	1300
best military drones	390	$1.65 	210	210	1000	590	390	210	210	320	320	320	210	210
drones for sale best buy	390	$1.19 	320	210	320	320	210	260	320	320	480	390	880	880
best racing drones	390	$0.56 	390	320	320	390	390	390	390	480	390	390	480	480
what are the best drones to buy	390	$1.36 	390	320	390	480	480	480	480	390	320	390	590	590
best drones for follow me	390	$0.97 	390	320	480	390	480	320	390	320	320	390	480	480
best drones under 1000	390	$1.36 	320	320	390	390	480	390	480	390	320	320	390	480
best budget camera drones	390	$0.96 	320	210	390	260	320	390	480	390	320	320	590	720
best drones for racing	390	$0.56 	390	320	320	390	390	390	390	480	390	390	480	480
best entry level drones	390	$1.28 	320	260	260	260	260	390	320	260	260	260	590	720
best follow me drones	390	$0.97 	390	320	480	390	480	320	390	320	320	390	480	480
best drones for under 1000	390	$1.36 	320	320	390	390	480	390	480	390	320	320	390	480
best budget drones with camera	390	$0.96 	320	210	390	260	320	390	480	390	320	320	590	720
drone delivery service	390	$6.07 	480	320	480	260	260	260	260	320	260	260	590	590
drone delivery services	390	$6.07 	480	320	480	260	260	260	260	320	260	260	590	590
heavy lift drone 100kg	390	$0.33 	390	320	260	320	320	260	390	390	260	390	590	390
drones pros	390	$0.57 	480	320	320	390	390	390	480	390	320	320	480	590
drone mapping software free	320	$3.84 	210	260	320	320	320	320	320	390	320	320	210	210
drones usage in agriculture	320	$7.32 	320	320	390	390	320	260	260	260	320	260	390	260
uses of drones in agriculture	320	$7.32 	320	320	390	390	320	260	260	260	320	260	390	260
drones for agriculture use	320	$6.60 	320	320	390	390	320	260	260	260	320	260	390	260
uses for drones in agriculture	320	$6.60 	320	320	390	390	320	260	260	260	320	260	390	260
use of drones in agriculture	320	$6.60 	320	320	390	390	320	260	260	260	320	260	390	260
using drones in agriculture	320	$6.60 	320	320	390	390	320	260	260	260	320	260	390	260
drones agriculture uses	320	$6.60 	320	320	390	390	320	260	260	260	320	260	390	260
best drones for real estate photography	320	$2.52 	480	590	210	170	140	320	210	210	210	260	390	390
beginner drones for adults	320	$1.99 	390	260	390	320	390	140	210	260	140	210	480	590
best beginner drone with camera and gps	320	$1.51 	390	260	210	210	390	320	390	320	170	260	590	480
best cheap drone for photography	320	$1.21 	90	110	320	320	390	320	390	390	480	260	390	320
best value drones	320	$1.40 	260	170	210	210	210	170	320	320	260	320	480	590
best drones for value	320	$1.40 	260	170	210	210	210	170	320	320	260	320	480	590
best drones under $300	320	$1.46 	320	210	260	260	260	210	320	260	210	210	390	590
best prices on drones	320	$1.77 	320	210	260	260	260	210	260	260	170	320	590	590
best drones under $500	320	$1.49 	320	260	390	320	320	320	320	260	320	320	480	480
best mini drones with camera	320	$1.24 	260	210	480	390	320	390	390	320	260	260	390	480
best value in drones	320	$1.40 	260	170	210	210	210	170	320	320	260	320	480	590
best mini drones with cameras	320	$1.24 	260	210	480	390	320	390	390	320	260	260	390	480
best drones for price	320	$1.77 	320	210	260	260	260	210	260	260	170	320	590	590
best drones for under $500	320	$1.49 	320	260	390	320	320	320	320	260	320	320	480	480
best drones for the price	320	$1.77 	320	210	260	260	260	210	260	260	170	320	590	590
best cheap drones for photography	320	$1.21 	90	110	320	320	390	320	390	390	480	260	390	320
best drones price	320	$1.77 	320	210	260	260	260	210	260	260	170	320	590	590
best price drones	320	$1.77 	320	210	260	260	260	210	260	260	170	320	590	590
drones best price	320	$1.77 	320	210	260	260	260	210	260	260	170	320	590	590
world best drones	320	$0.97 	320	210	320	260	260	260	390	390	320	390	390	390
the best drones in the world	320	$0.97 	320	210	320	260	260	260	390	390	320	390	390	390
best drones on sale	320	$1.58 	260	260	320	260	260	210	260	260	260	260	390	480
best drones for sale	320	$1.58 	260	260	320	260	260	210	260	260	260	260	390	480
drones best value	320	$1.40 	260	170	210	210	210	170	320	320	260	320	480	590
best price on drones	320	$1.77 	320	210	260	260	260	210	260	260	170	320	590	590
best drones for under $300	320	$1.46 	320	210	260	260	260	210	320	260	210	210	390	590
best drones for roof inspections	320	$4.99 	320	260	390	320	320	260	260	260	260	390	320	320
best mini camera drones	320	$1.24 	260	210	480	390	320	390	390	320	260	260	390	480
best priced drones	320	$1.77 	320	210	260	260	260	210	260	260	170	320	590	590
best drones for gopro	320	$0.86 	210	210	320	320	320	260	390	320	320	260	260	320
best drones with gopro	320	$0.86 	210	210	320	320	320	260	390	320	320	260	260	320
best gopro for drones	320	$0.86 	210	210	320	320	320	260	390	320	320	260	260	320
best drones in the world	320	$0.97 	320	210	320	260	260	260	390	390	320	390	390	390
best drones company	320	$1.76 	320	260	320	320	320	320	390	320	260	320	390	390
best drones for a gopro	320	$0.86 	210	210	320	320	320	260	390	320	320	260	260	320
drone for commercial use	320	$3.77 	390	320	320	320	260	210	320	390	480	390	320	320
commercial use drones	320	$3.77 	390	320	320	320	260	210	320	390	480	390	320	320
commercial use of drones	320	$3.77 	390	320	320	320	260	210	320	390	480	390	320	320
3d drone model	320	$4.72 	260	260	320	320	320	260	320	320	320	390	320	320
wristwatch drone	260	$0.79 	210	260	260	260	210	260	210	260	320	210	260	260
agriculture drones for sale	260	$2.62 	320	210	260	210	170	170	320	260	320	210	210	260
drones for agriculture for sale	260	$3.93 	320	210	260	210	170	170	320	260	320	210	210	260
c drone	260	$1.82 	210	260	260	320	260	170	210	170	260	320	260	260
how effective is norethindrone	260	$3.51 	260	210	260	260	210	260	210	210	170	260	260	210
can you get pregnant on norethindrone	260	$6.57 	260	210	260	210	320	480	320	320	260	260	210	210
best drone real estate photography	260	$2.50 	480	170	210	170	140	320	210	210	210	260	390	390
real estate drone photography near me	260	$3.83 	260	170	320	210	260	260	390	320	320	260	260	170
best real estate photography drone	260	$2.50 	480	170	210	170	140	320	210	210	210	260	390	390
best drone for real estate photography	260	$2.50 	480	170	210	170	140	320	210	210	210	260	390	390
dji drone models	260	$0.63 	320	210	210	260	260	260	260	260	260	210	210	260
best cheap drone on amazon	260	$1.01 	210	210	170	170	320	480	320	210	170	170	210	320
best deals drones	260	$2.49 	170	140	170	170	210	210	260	110	170	110	880	720
best long range drones	260	$1.03 	260	260	210	210	210	260	210	260	210	210	320	390
best thermal drones	260	$1.85 	480	320	210	170	170	110	140	170	140	210	320	480
best drones for adults	260	$1.86 	210	170	170	140	140	210	170	170	170	210	720	880
best underwater drones	260	$2.04 	320	210	320	210	320	260	390	320	210	170	260	320
best drones 2021	260	$1.07 	70	50	1600	480	210	170	140	90	90	70	90	90
best holy stone drones	260	$1.18 	210	170	210	170	170	210	320	210	140	210	480	390
best commercial drones	260	$3.33 	320	170	210	260	170	210	260	260	210	260	260	260
best drones for aerial photography	260	$1.76 	260	260	260	210	260	210	320	320	260	320	320	260
best deal on drones	260	$2.49 	170	140	170	170	210	210	260	110	170	110	880	720
best deal for drones	260	$2.49 	170	140	170	170	210	210	260	110	170	110	880	720
drones best rated	260	$1.67 	210	170	210	210	170	170	260	210	170	170	480	590
best drones for photos	260	$1.30 	260	170	210	260	260	260	260	320	260	320	320	320
best deals on drones	260	$2.49 	170	140	170	170	210	210	260	110	170	110	880	720
best cheap drones on amazon	260	$1.01 	210	210	170	170	320	480	320	210	170	170	210	320
best place to fly drones near me	260	$1.70 	260	210	260	260	320	480	390	320	320	210	170	260
best aerial photography drones	260	$1.76 	260	260	260	210	260	210	320	320	260	320	320	260
best places to fly drones near me	260	$1.70 	260	210	260	260	320	480	390	320	320	210	170	260
drones best deals	260	$2.49 	170	140	170	170	210	210	260	110	170	110	880	720
best photo drones	260	$1.30 	260	170	210	260	260	260	260	320	260	320	320	320
fpv drone store near me	260	$3.75 	320	210	210	170	260	320	320	210	210	170	170	320
drone repair shop	260	$2.30 	390	210	260	260	320	260	260	320	170	320	260	210
hobby shop drone	260	$1.23 	260	210	260	210	210	140	210	320	320	210	260	390
drone hobby shop	260	$1.23 	260	210	260	210	210	140	210	320	320	210	260	390
mini drone amazon	260	$0.88 	320	210	170	210	170	260	260	260	260	210	390	720
sharper image hd streaming drone	260	$0.30 	260	260	260	260	260	320	260	210	210	210	260	480
lidar survey drone	210	$5.05 	140	110	140	110	140	140	210	210	260	210	320	390
best dji drone for beginners	210	$0.97 	210	210	140	210	260	210	260	210	210	210	260	320
drones with best battery life	210	$1.07 	210	140	170	170	170	140	210	140	170	170	260	320
best black friday deals on drones	210	$3.03 	10	10	20	20	30	10	40	10	10	30	1900	40
best survey drones	210	$7.50 	260	210	260	210	170	170	210	260	210	210	210	260
best place to buy drones	210	$2.08 	260	170	170	170	170	140	210	170	170	170	260	480
best drones for surveying	210	$7.50 	260	210	260	210	170	170	210	260	210	210	210	260
best places to buy drones	210	$1.63 	260	170	260	170	170	140	210	170	170	170	260	480
best surveying drones	210	$7.50 	260	210	260	210	170	170	210	260	210	210	210	260
best mapping drones	210	$4.77 	260	260	260	210	260	210	260	210	170	210	210	210
affordable drone for beginners	210	$2.63 	170	260	170	140	110	170	260	170	110	170	320	320
affordable drones for beginners	210	$2.63 	170	260	170	140	110	170	260	170	110	170	320	320
drone company name	210	$1.33 	320	210	210	170	210	210	260	320	210	210	210	210
will norethindrone stop my period	170	$6.94 	170	210	210	210	260	210	170	140	170	110	110	140
parrot drone app	170	$1.17 	210	110	210	140	210	170	170	170	210	170	140	210
parrot drone company	170	$4.04 	170	170	210	170	260	170	210	170	170	170	170	140
cost of drone real estate photography	170	$4 	90	90	90	90	90	140	210	260	170	210	210	210
real estate drone photography cost	170	$4 	90	90	90	90	90	140	210	260	170	210	210	210
drone photography real estate cost	170	$4 	90	90	90	90	90	140	210	260	170	210	210	210
drone real estate photography cost	170	$4 	90	90	90	90	90	140	210	260	170	210	210	210
best dji drone for photography	170	$0.96 	140	170	110	140	210	170	140	170	170	170	260	140
dji drone store	170	$2.84 	210	110	170	210	170	170	140	170	140	140	140	210
fpv drone price	170	$0.52 	210	390	210	140	110	170	170	170	210	170	170	170
drone hobby shop near me	170	$3.11 	170	170	170	140	140	170	210	210	110	170	210	170
indoor mini drone	170	$0.60 	260	170	140	110	90	90	90	110	90	110	260	590
carbon fibre drone frame	170	$0.41 	170	170	170	170	210	210	170	170	210	210	170	210
affordable drones with good cameras	170	$1.64 	140	70	170	90	110	140	210	210	210	170	210	260
drone deliveries	170	$4.95 	260	170	170	210	210	140	140	170	170	170	210	210
3d drone	170	$0.51 	170	170	170	170	170	170	170	140	140	210	210	210
how long does it take for norethindrone to work	140	$3.74 	170	110	90	170	170	210	170	140	140	140	170	170
2.4 ghz drone controller app	140	$2.03 	110	90	170	110	170	170	140	110	90	90	90	140
2.4ghz drone controller app	140	$2.03 	110	90	170	110	170	170	140	110	90	90	90	140
drones t shirt	140	$0.40 	70	90	140	170	110	170	110	170	140	140	170	210
best drone under $1000	140	$1.28 	110	110	140	140	110	140	170	170	110	140	170	210
tablet for drone	140	$0.78 	140	140	210	170	170	140	170	170	140	110	110	140
tablets for drones	140	$0.78 	140	140	210	170	170	140	170	170	140	110	110	140
best drone tablet	140	$0.53 	110	70	170	170	170	140	170	140	140	110	90	90
tablet drone	140	$0.59 	140	140	140	170	170	140	170	170	140	110	110	140
drone store online	140	$2.17 	140	110	140	90	140	140	170	140	170	140	210	170
the drone store	140	$1.93 	590	50	50	50	40	40	70	40	30	50	260	480
mini drone toy	140	$1.01 	170	90	110	140	110	90	110	110	140	140	210	320
academy sports drone	140	$0.87 	170	140	140	110	110	140	140	90	70	70	110	480
drone photographer for hire	140	$4.66 	70	90	90	110	70	90	320	320	110	140	70	50
drones los angeles	140	$1.23 	170	140	170	140	110	170	170	110	170	170	140	140
drone software open source	110	$33.13 	140	110	90	90	140	110	110	90	90	90	110	140
best agriculture drones	110	$5.92 	110	110	140	110	140	110	110	110	110	110	110	110
drones for precision agriculture	110	$9.77 	70	90	70	140	140	90	90	90	140	110	110	110
drones in precision agriculture	110	$6.97 	70	90	110	140	140	90	90	90	140	110	110	110
best drones for agriculture	110	$3.45 	110	110	140	110	140	110	110	110	110	110	110	110
precision agriculture drones	110	$9.77 	70	90	70	140	140	90	90	90	140	110	110	110
best sd card for drones	110	$0.67 	140	110	90	90	140	170	110	110	90	70	110	170
best sd card for drone	110	$0.67 	140	110	90	90	140	170	110	110	90	70	110	170
remote control drone helicopter	110	$2.67 	140	70	110	70	70	140	70	140	90	70	140	210
drone helicopter remote control	110	$2.67 	140	70	110	70	70	140	70	140	90	70	140	210
remote control helicopter drone	110	$4.26 	140	70	110	70	70	140	70	140	90	90	140	210
best drone for real estate photography 2022	110	$2.30 	30	50	90	210	260	210	260	110	30	40	30	50
best non dji drones	110	$1.28 	170	170	140	110	140	90	110	70	90	110	140	140
best non-dji drones	110	$1.28 	170	170	140	110	140	90	110	70	90	110	140	140
professional drones with camera and gps	110	$3.43 	90	70	70	70	90	90	110	140	170	110	210	260
best tablet for drones	110	$2.15 	110	70	90	170	170	140	170	140	140	110	90	90
best tablets for drones	110	$2.15 	110	70	90	170	170	140	170	140	140	110	90	90
best tablet for drone	110	$2.15 	110	70	90	170	170	140	170	140	140	110	90	90
carbon fibre drone	110	$0.57 	110	140	110	110	110	140	140	110	140	110	140	110
dronemobile review	110	$1.34 	170	110	90	70	70	90	50	50	110	140	210	210
cool drone names	110	$0.67 	110	90	90	110	110	90	110	90	110	90	90	140
best drones with night vision	110	$1.37 	90	90	70	70	70	70	90	90	140	110	210	210
drones at academy sports	110	$0.97 	110	70	90	70	70	110	90	110	90	90	140	480
drones for agriculture price	90	$4.40 	90	110	140	50	50	50	90	90	110	70	110	140
drones in agriculture prices	90	$4.40 	90	110	140	50	50	50	90	90	110	70	110	140
agriculture drone price	90	$4.40 	90	110	140	50	50	50	90	90	110	70	110	140
drone affiliate program	90	$3.80 	110	110	70	70	90	70	90	70	110	90	90	90
drone affiliate programs	90	$3.80 	110	110	70	70	90	70	90	70	110	90	90	90
parrot drone price	90	$0.59 	90	90	140	140	140	90	110	90	90	50	70	90
drone graffiti	90	$0.07 	70	70	70	90	90	90	90	90	90	110	90	170
drone packaging	90	$0.50 	50	70	70	70	70	110	90	110	50	90	140	90
delivery drone system	90	$1.03 	90	90	90	140	90	90	70	70	110	90	90	90
drone delivery systems	90	$1.03 	90	90	90	140	90	90	70	70	110	90	90	90
best drone mapping software	70	$3.95 	90	70	50	70	90	70	70	50	50	50	90	90
best free drone mapping software	70	$4.51 	50	70	50	50	90	70	90	90	90	90	20	30
drone 3d mapping software	70	$5.36 	110	70	90	90	90	70	90	70	50	70	70	70
aed drone	70	$3.65 	140	90	110	70	90	50	40	40	50	70	50	40
aed drones	70	$3.65 	140	90	110	70	90	50	40	40	50	70	50	40
best micro sd card for drone	70	$1.12 	70	50	70	70	70	110	70	50	50	50	70	90
best micro sd card for drones	70	$1.12 	70	50	70	70	70	110	70	50	50	50	70	90
best drone for youtube videos	70	$1.26 	90	40	30	50	50	70	90	70	50	110	90	90
vlog drone	70	$0.84 	90	70	50	70	90	70	70	70	90	70	50	90
vlogging drones	70	$0.84 	90	70	50	70	90	70	70	70	90	70	50	90
vlogging drone	70	$0.84 	90	70	50	70	90	70	70	70	90	70	50	90
drone cat toy	70	$0.50 	70	50	50	50	50	50	70	70	50	50	90	70
best beginner drone reddit	70	$1.58 	50	40	30	50	50	50	70	50	50	50	90	140
airpix drone	70	$0.98 	50	70	70	50	70	70	50	70	90	50	50	90
fpv drone amazon	70	$0.15 	70	70	70	70	70	50	70	110	90	70	70	110
fpv drone shop near me	70	$3.75 	70	50	50	50	70	70	90	70	70	110	40	70
shop drone	70	$7 	90	40	50	50	40	50	50	50	50	30	90	110
fpv drone shop	70	$1.80 	70	90	50	70	90	70	110	50	90	70	70	70
affordable drone for video	70	$1.60 	70	50	70	70	70	50	90	70	70	50	70	90
ai weed killing drones	70	$1.92 	10	10	0	0	40	110	110	480	50	20	10	10
ai weed-killing drones	70	$1.92 	10	10	0	0	40	110	110	480	50	20	10	10
drones that deliver packages	70	$0.43 	140	110	90	50	50	50	40	50	50	90	70	50
package drone	70	$0.36 	90	70	70	70	40	70	70	50	50	90	70	90
best delivery drone	70	$2.38 	90	70	70	70	40	50	50	70	50	40	70	70
ai powered drone	70	$0.46 	70	70	70	90	90	70	50	50	70	50	70	110
ai-powered drone	70	$0.46 	70	70	70	90	90	70	50	50	70	50	70	110
ai-powered drones	70	$0.46 	70	70	70	90	90	70	50	50	70	50	70	110
ai powered drones	70	$0.46 	70	70	70	90	90	70	50	50	70	50	70	110
cons of drones	70	$1.26 	90	110	90	50	50	30	40	50	90	90	110	50
drone pilot for hire near me	70	$3.94 	40	30	40	50	50	70	210	140	140	30	30	20
drone pilots for hire near me	70	$3.94 	40	30	40	50	50	70	210	140	140	30	30	20
drone photogrammetry software	50	$5.57 	50	40	50	50	50	50	50	50	50	50	30	20
using drones for farming	50	$6.40 	50	50	70	70	50	50	50	70	70	50	50	50
drones used in farming	50	$6.40 	50	50	70	70	50	50	50	70	70	50	50	50
drones and agriculture	50	$6.40 	40	50	50	50	40	30	40	40	50	50	50	30
agriculture drones market	50	$7.60 	50	50	50	50	70	50	50	40	70	30	30	50
agriculture and drones	50	$6.40 	40	50	50	50	40	30	40	40	50	50	50	30
commercial drones for agriculture	50	$8.20 	30	20	50	70	50	50	90	40	50	30	40	40
how are drones used in agriculture	50	$8.03 	90	70	50	50	50	20	20	50	70	40	70	30
parrot drone plane	50	$1.15 	70	30	50	50	70	50	70	70	50	50	90	50
best sd card for dji drones	50	$0.56 	50	40	30	40	70	70	70	70	50	30	40	50
best place to buy dji drones	50	$2.47 	90	50	40	30	50	70	70	90	50	50	70	70
dji drones at best buy	50	$1.38 	70	30	30	40	40	30	40	50	30	50	90	70
drone fiyat	50	$0.64 	40	40	30	40	70	70	50	50	40	40	70	40
how would drone delivery work	50	$0.04 	140	70	40	40	30	10	20	50	30	50	50	90
autonomous drone delivery	50	$0.75 	90	50	90	70	40	30	30	50	50	90	50	50
open drone map photogrammetry software	40	$4.81 	20	30	40	50	50	30	50	70	70	70	10	20
agriculture drone sprayer price	40	$3.82 	40	40	50	90	20	10	20	20	40	30	30	70
best drone for youtube	40	$1.16 	40	50	50	50	20	20	40	30	30	50	40	40
best drone for youtubers	40	$1.16 	40	50	50	50	20	20	40	30	30	50	40	40
drone for youtube videos	40	$1.14 	30	40	70	50	20	40	40	30	30	20	30	30
drones for vlogging	40	$0.88 	40	50	30	40	40	30	40	40	20	40	50	30
drone for vlogging	40	$0.88 	40	50	30	40	40	30	40	40	20	40	50	30
drones with camera and screen on controller	40	$1.50 	50	40	20	50	20	70	40	10	10	20	50	90
agriculture drone spraying price	30	$3.45 	40	40	50	20	20	10	20	20	40	30	30	70
how quickly does norethindrone work	30	$5.90 	30	30	40	30	20	40	20	20	20	30	30	30
2.4 ghz drone app	30	$2.53 	40	20	20	10	20	20	20	40	40	40	30	30
2.4g drone app	30	$2.53 	40	20	20	10	20	20	20	40	40	40	30	30
2.4ghz drone app	30	$2.53 	40	20	20	10	20	20	20	40	40	40	30	30
best drones for youtube videos	30	$1.11 	20	50	30	20	30	30	20	50	20	20	30	30
best vlog drone	30	$1.72 	30	20	30	30	30	30	20	40	40	40	20	30
drone for youtubers	30	$1.55 	30	30	30	20	20	30	20	30	40	30	30	30
drones for youtube	30	$1.55 	30	30	30	20	20	30	20	30	40	30	30	30
what drone do youtubers use	30	$0.62 	40	30	20	30	30	20	30	30	30	30	40	50
what drones do youtubers use	30	$0.62 	40	30	20	30	30	20	30	30	30	30	40	50
best drone for travel vloggers	30	$1.02 	50	40	30	40	50	40	20	10	20	20	20	30
drone survey equipment	30	$4.62 	40	40	20	40	30	30	30	40	40	30	40	20
google drone camera	30	$1.02 	30	20	30	40	40	40	40	50	30	30	20	20
drone clone xperts review	30	$1.19 	50	30	20	30	10	20	30	20	40	50	40	50
drone-clone xperts review	30	$1.19 	50	30	20	30	10	20	30	20	40	50	40	50
does hobby lobby sell drones	30	$0.86 	40	30	30	30	20	40	40	30	20	20	10	70
control drone with iphone	30	$0.96 	30	20	20	40	20	30	40	30	30	30	40	50
drone mail delivery	30	$0.13 	30	30	20	30	20	20	30	40	30	30	30	20
pros and cons of drone delivery	30	$4.63 	30	40	30	40	20	20	20	20	20	40	20	20
types of delivery drones	30	$0.23 	40	40	50	20	10	20	30	10	10	30	10	30
drones delivering mail	30	$0.13 	30	30	20	30	20	20	30	40	30	30	30	20
drone freight	30	$0.31 	40	40	40	10	20	20	20	30	20	30	30	40
will i get a period on norethindrone	20	$3.73 	20	20	10	10	10	10	20	10	10	20	10	20
fader 2 drone reviews	20	$2 	20	20	10	20	10	10	40	50	20	10	20	40
digging drone	20	$0.74 	20	20	20	70	10	30	10	20	20	20	20	20
a good drone for beginners	20	$1.85 	30	20	10	20	10	20	30	30	30	20	30	30
drone topographic survey accuracy	10	$5.65 	20	10	10	10	10	10	10	10	10	10	10	10
drone survey project report	10	$0 	10	10	10	10	10	10	10	10	0	0	10	10
